-- phpMyAdmin SQL Dump
-- version 5.0.2
-- https://www.phpmyadmin.net/
--
-- Host: 127.0.0.1
-- Generation Time: Aug 24, 2020 at 04:37 PM
-- Server version: 10.4.11-MariaDB
-- PHP Version: 7.2.31

SET SQL_MODE = "NO_AUTO_VALUE_ON_ZERO";
START TRANSACTION;
SET time_zone = "+00:00";


/*!40101 SET @OLD_CHARACTER_SET_CLIENT=@@CHARACTER_SET_CLIENT */;
/*!40101 SET @OLD_CHARACTER_SET_RESULTS=@@CHARACTER_SET_RESULTS */;
/*!40101 SET @OLD_COLLATION_CONNECTION=@@COLLATION_CONNECTION */;
/*!40101 SET NAMES utf8mb4 */;

--
-- Database: `claimsinfo`
--

-- --------------------------------------------------------

--
-- Table structure for table `addclaim`
--

CREATE TABLE `addclaim` (
  `id` int(50) NOT NULL,
  `driver_name` varchar(50) NOT NULL,
  `accedent_place` varchar(50) NOT NULL,
  `phone_no` int(10) NOT NULL,
  `accedent_date` date NOT NULL,
  `car_no` int(15) NOT NULL,
  `cars_no` text NOT NULL,
  `clm_desc` varchar(150) NOT NULL,
  `notes` varchar(200) NOT NULL,
  `names` varchar(150) NOT NULL,
  `images` varchar(200) NOT NULL,
  `text` text NOT NULL
) ENGINE=InnoDB DEFAULT CHARSET=utf8mb4;

--
-- Dumping data for table `addclaim`
--

INSERT INTO `addclaim` (`id`, `driver_name`, `accedent_place`, `phone_no`, `accedent_date`, `car_no`, `cars_no`, `clm_desc`, `notes`, `names`, `images`, `text`) VALUES
(1, 'محمد حسن الصاوي', 'بيت عمرة', 597364675, '2020-07-05', 3214325, '2141324', 'مفترق طرق', 'nn', 'علي محمد صبح', '', ''),
(2, 'سامي محمد', 'بيت عمرة', 56722345, '2020-08-03', 3214325, '2141324', 'مفترق طرق', '', 'علي محمد صبح', '', ''),
(4, 'm', 'm', 4, '2020-07-07', 4, '4', '4', '', '4', '', ''),
(5, '3', '3', 3, '2019-03-31', 3, '6', '6', '6', '6', '', ''),
(6, 'd', '6', 6, '2020-07-14', 6, '6', '6', '6', '6', '', ''),
(7, 'n', '8', 8, '2020-08-05', 7, '7', '7', '7', '7', '', ''),
(8, 'm', 'm', 597364675, '2020-07-24', 8, '0', 'u', '8', '8', '', ''),
(9, '7', '7', 7, '2020-07-28', 8, '888', '8', '8', '8', '', ''),
(10, '7', '7', 7, '2020-07-23', 8, '8', '8', '8', '8', '', ''),
(11, 'h', 'h', 3, '2020-07-08', 3, '0', 'd', '', '3', '', ''),
(12, '8', '8', 8, '2020-07-29', 7, '77', '7', '7', '7', '', ''),
(13, '6', '6', 6, '2020-07-06', 7, '7', '7', '7', '77', '', ''),
(14, '7', '7', 7, '2020-07-02', 7, '7', '7', '', '7', '', ''),
(15, 'n', 'n', 8, '2020-07-21', 5, '7', '7', '7', '7', '', ''),
(16, 'h', '7', 7, '2020-07-07', 7, '7', '7', '7', '7', '', ''),
(17, '7', '7', 7, '2020-07-13', 7, '7', '7', '7', '77', '', ''),
(18, '7', '7', 7, '2020-08-06', 5, '8', '8', '8', '8', '', ''),
(19, 'y', '7', 7, '2020-07-31', 7, '7', '7', '7', '77', '', ''),
(20, 'y', 'y', 7, '2020-07-06', 777777, '7', '7', '7', '77', '', ''),
(21, 'u', 'u', 7, '2020-07-14', 7, '7', '7', '7', '77', '', ''),
(22, '7', '7', 7, '2020-08-06', 8, '8', '8', '8', '8', '', ''),
(23, '7', '7', 7, '2020-07-08', 7, '7', '7', '7', '77', '', ''),
(24, 'n', 'n', 7, '2020-07-21', 8, '8', '8', '8', '8', '', ''),
(25, '7', '7', 7, '2020-07-20', 8, '8', '8', '8', '8', '', ''),
(26, 'محمد حسن الصاوي', 'بيت عمرة', 597364675, '2020-07-06', 3214325, '2141324', 'مفترق طرق', 'no', 'علي محمد صبح', '', ''),
(27, 'علي الطيراوي', 'رام الله التحتى', 599766754, '2020-08-04', 5553342, '2141324', 'مفترق طرق', '', 'محمد', '', ''),
(28, 'علي الطيراوي', 'رام الله التحتى', 599766754, '2020-08-04', 5553342, '2141324', 'مفترق طرق', 'اضرار مادية', 'محمد\\علي\\موسى', '', ''),
(29, 'علي الطيراوي', 'رام الله التحتى', 599766754, '2020-08-04', 5553342, '2141324', 'مفترق طرق', 'اضرار مادية', 'محمد\\علي\\موسى', '', ''),
(30, 'nezar', 'بيت عمرة', 597364675, '2020-07-21', 3214325, '2141324', 'مفترق طرق', '8', 'علي\r\nمحمد\r\nموسى', '', ''),
(31, 'nezar', 'بيت عمرة', 597364675, '2020-07-30', 3214325, '2141324', 'مفترق طرق', 'nn', ' علي محمد\r\nموسى علي', '', ''),
(32, 'nezar', 'بيت عمرة', 597364675, '2020-07-07', 3214325, '2141324', 'مفترق طرق', 'ىخ', 'علي\r\nحسن\r\nموسى', '', ''),
(33, 'nezar', 'بيت عمرة', 597364675, '2020-07-07', 3214325, '2141324', 'مفترق طرق', 'ىخ', 'علي\r\nحسن\r\nموسى', '', ''),
(34, 'test', 'test', 598363567, '2020-08-01', 6666555, '2141324', 'test', 'test', ' علي\r\nحسن', 'IMG_9983.PNG', ''),
(35, 'test', 'test', 598676756, '2020-08-05', 3214325, '2141324', 'test', 'test', 'ali\r\nhasan\r\nomar ', 'IMG_9112.PNG', 'test image'),
(36, 'admin', 'بيت عمرة', 597364675, '2020-07-26', 3214325, '2141324,3142325,325425', 'مفترق طرق', 'test', ' test', 'IMG_9974.PNG', 'test'),
(37, 'ali sami', 'ramallah', 597364675, '2020-07-26', 87655, 'h767   76456 bbb988', 'مفترق طرق', 'no', ' ali\r\n', 'IMG_9168.PNG', 'no'),
(38, 'nizar', 'hebron', 598767656, '2020-07-28', 6567777, '2141324/3142325/325425', 'مفترق طرق', '', 'no one ', 'IMG_9976.PNG', 'test'),
(39, 'nezar', 'بيت عمرة', 597364675, '2020-08-03', 3214325, '2141324,3142325,325425', '8', '', ' t', 'IMG_9233.JPG', ''),
(40, 'nezar', 'بيت عمرة', 597364675, '2020-07-26', 3214325, '2141324/3142325/325425', 'مفترق طرق', 'u', ' y', 'IMG_9232.JPG', 'd'),
(41, 'nezar', 'بيت عمرة', 597364675, '2020-07-28', 3214325, '2141324,3142325,325425', '8', '', ' n', 'IMG_9411.JPG', ''),
(42, 'n', 'n', 7777, '2020-08-02', 8, '8', '8', '8', '8 ', 'IMG_9972.PNG', ''),
(43, 'bb', 'bb', 597364675, '2020-07-27', 3214325, 'n', '8', '', ' h', 'IMG_9972.PNG', ''),
(44, 'i', 'i', 88, '2020-08-01', 8, '88', '8', '8', '8 ', 'IMG_9232.JPG', ''),
(45, 'i', 'i', 88, '2020-08-01', 8, '88', '8', '8', '8 ', 'IMG_9232.JPG', ''),
(46, 'alisa', 'ff', 597364675, '2020-07-26', 3214325, '2141324/3142325/325425', 'مفترق طرق', 'uu', 'ali ', 'IMG_2224.PNG', ''),
(47, 'nezar', 'بيت عمرة', 597364675, '2020-08-05', 3214325, '2141324/3142325/325425', 'مفترق طرق', 'h', ' v', 'DNCS4882.JPG', 'a'),
(48, 'omar', 'بيت عمرة', 597364675, '2020-07-07', 87777, '2141324/3142325/325425', 'مفترق طرق', 'j', ' ali\r\nahmed', 'AUWX6013.JPG', ''),
(49, 'محمد حسن الصاوي', 'بيت عمرة', 597364675, '2020-08-03', 666666, '2141324', 'مفترق طرق', 'test', 'no ', 'IMG_2526.PNG', ''),
(50, 'test', 'tets', 597364675, '2020-08-05', 3214325, '2141324/3142325', 'test', '', ' test', '', ''),
(51, 'test', 'test', 597364675, '2020-08-05', 3333, '2141324/325425', 'test', 'test', 'test ', '', ''),
(52, 'y', 'y', 7, '7777-07-07', 7, '7', '7', '7', '7 ', '', ''),
(53, 'محمد حسن الصاوي', 'بيت عمرة', 597364675, '2020-08-03', 99, '2141324,3142325,325425', 'مفترق طرق', 'uw7', ' yfs', '', ''),
(54, 'n', 'm', 9, '2020-09-07', 9, '9', '9', '99', '9 ', 'IMG_0009.JPG', ''),
(55, 'd', 'h', 597364675, '2020-08-17', 9, '9', '9', '9', '9 ', '', '');

-- --------------------------------------------------------

--
-- Table structure for table `admin`
--

CREATE TABLE `admin` (
  `id` int(11) NOT NULL,
  `username` varchar(30) NOT NULL,
  `password` varchar(60) NOT NULL,
  `firstname` varchar(50) NOT NULL,
  `lastname` varchar(50) NOT NULL,
  `photo` varchar(200) NOT NULL,
  `created_on` date NOT NULL
) ENGINE=InnoDB DEFAULT CHARSET=latin1;

--
-- Dumping data for table `admin`
--

INSERT INTO `admin` (`id`, `username`, `password`, `firstname`, `lastname`, `photo`, `created_on`) VALUES
(1, 'admin', '$2y$10$fCOiMky4n5hCJx3cpsG20Od4wHtlkCLKmO6VLobJNRIg9ooHTkgjK', 'nizar', 'edesat', 'male6.jpg', '2018-04-30');

-- --------------------------------------------------------

--
-- Table structure for table `attendance`
--

CREATE TABLE `attendance` (
  `id` int(11) NOT NULL,
  `employee_id` int(11) NOT NULL,
  `date` date NOT NULL,
  `time_in` time NOT NULL,
  `status` int(1) NOT NULL,
  `time_out` time NOT NULL,
  `num_hr` double NOT NULL
) ENGINE=InnoDB DEFAULT CHARSET=latin1;

--
-- Dumping data for table `attendance`
--

INSERT INTO `attendance` (`id`, `employee_id`, `date`, `time_in`, `status`, `time_out`, `num_hr`) VALUES
(13, 1, '2018-04-27', '08:00:00', 1, '17:00:00', 8),
(14, 1, '2018-04-28', '08:00:00', 1, '17:00:00', 8),
(15, 1, '2018-05-04', '08:00:00', 1, '17:00:00', 8),
(16, 1, '2018-05-02', '08:00:00', 1, '17:00:00', 8),
(17, 1, '2018-05-01', '08:00:00', 1, '17:00:00', 8),
(18, 1, '2018-05-03', '08:00:00', 1, '17:00:00', 8),
(74, 1, '2018-04-30', '08:00:00', 1, '16:44:23', 7.7333333333333),
(75, 3, '2018-04-18', '08:00:00', 1, '17:00:00', 8),
(76, 4, '2018-04-19', '08:00:00', 1, '17:00:00', 8),
(77, 4, '2018-04-27', '08:00:00', 1, '17:00:00', 7),
(78, 4, '2018-04-28', '08:00:00', 1, '17:00:00', 8),
(79, 4, '2018-05-01', '08:30:00', 1, '17:00:00', 8),
(80, 4, '2018-05-03', '08:00:00', 1, '17:00:00', 0),
(81, 4, '2018-05-05', '08:00:00', 1, '17:00:00', 9),
(83, 4, '2018-05-31', '12:00:00', 0, '18:00:00', 5),
(84, 4, '2018-05-18', '08:00:00', 1, '17:00:00', 7),
(85, 4, '2018-05-09', '09:00:00', 1, '18:00:00', 8),
(86, 5, '2018-07-11', '07:41:00', 1, '16:00:00', 7),
(87, 1, '2018-07-11', '06:27:00', 1, '15:00:00', 6),
(88, 6, '2018-07-11', '07:45:00', 1, '14:48:00', 3.8),
(89, 7, '2018-07-11', '07:56:00', 1, '17:00:00', 8),
(90, 8, '2018-07-11', '06:05:12', 1, '16:00:00', 7),
(91, 9, '2018-07-11', '18:12:06', 0, '00:00:00', 0),
(92, 10, '2018-07-11', '18:13:01', 0, '00:00:00', 0),
(93, 11, '2018-07-11', '18:14:30', 0, '00:00:00', 0),
(94, 12, '2018-07-11', '18:16:14', 0, '00:00:00', 0),
(95, 13, '2018-07-11', '18:17:32', 0, '00:00:00', 0),
(96, 14, '2018-07-11', '18:18:33', 0, '00:00:00', 0),
(97, 15, '2018-07-11', '18:19:26', 0, '00:00:00', 0),
(98, 16, '2018-07-11', '18:20:26', 0, '00:00:00', 0),
(99, 17, '2018-07-11', '18:21:41', 0, '00:00:00', 0),
(100, 18, '2018-07-12', '23:46:31', 1, '00:00:00', 0),
(101, 19, '2018-07-12', '23:50:28', 1, '00:00:00', 0),
(102, 20, '2018-07-12', '23:52:48', 1, '00:00:00', 0),
(103, 21, '2018-07-12', '23:54:50', 1, '00:00:00', 0),
(104, 22, '2018-07-12', '23:56:02', 1, '00:00:00', 0),
(105, 23, '2018-07-12', '13:57:00', 0, '00:00:00', 12.95);

-- --------------------------------------------------------

--
-- Table structure for table `cashadvance`
--

CREATE TABLE `cashadvance` (
  `id` int(11) NOT NULL,
  `date_advance` date NOT NULL,
  `employee_id` varchar(15) NOT NULL,
  `amount` double NOT NULL
) ENGINE=InnoDB DEFAULT CHARSET=latin1;

--
-- Dumping data for table `cashadvance`
--

INSERT INTO `cashadvance` (`id`, `date_advance`, `employee_id`, `amount`) VALUES
(2, '2018-05-02', '1', 1000),
(3, '2018-05-02', '1', 1000),
(4, '2018-07-12', '5', 3500);

-- --------------------------------------------------------

--
-- Table structure for table `claim`
--

CREATE TABLE `claim` (
  `id` int(11) NOT NULL,
  `title` varchar(100) NOT NULL,
  `body` varchar(500) NOT NULL
) ENGINE=InnoDB DEFAULT CHARSET=utf8mb4;

--
-- Dumping data for table `claim`
--

INSERT INTO `claim` (`id`, `title`, `body`) VALUES
(1, 'claim 998-2020', ' thisis a test data'),
(2, 'claim 995-2020', 'this is a test data for claims api'),
(3, 'claim 7-2019', 'test for claims api');

-- --------------------------------------------------------

--
-- Table structure for table `clmsearch`
--

CREATE TABLE `clmsearch` (
  `id` int(11) NOT NULL,
  `ins_name` varchar(40) NOT NULL,
  `car_no` int(11) NOT NULL,
  `pol_no` varchar(40) NOT NULL,
  `srart_date` date NOT NULL,
  `end_date` date NOT NULL,
  `eng_size` int(11) NOT NULL,
  `car_type` varchar(40) NOT NULL,
  `eng_no` int(11) NOT NULL,
  `prod_year` int(11) NOT NULL,
  `cov_type` varchar(40) NOT NULL
) ENGINE=InnoDB DEFAULT CHARSET=utf8mb4;

--
-- Dumping data for table `clmsearch`
--

INSERT INTO `clmsearch` (`id`, `ins_name`, `car_no`, `pol_no`, `srart_date`, `end_date`, `eng_size`, `car_type`, `eng_no`, `prod_year`, `cov_type`) VALUES
(1, 'ali ayed dasan', 252525, '22/2019', '2020-05-01', '2021-05-01', 2000, 'private', 21343345, 2019, 'ACT+TB');

-- --------------------------------------------------------

--
-- Table structure for table `deductions`
--

CREATE TABLE `deductions` (
  `id` int(11) NOT NULL,
  `description` varchar(100) NOT NULL,
  `amount` double NOT NULL
) ENGINE=InnoDB DEFAULT CHARSET=latin1;

--
-- Dumping data for table `deductions`
--

INSERT INTO `deductions` (`id`, `description`, `amount`) VALUES
(1, 'SSS', 100),
(2, 'Pagibig', 150),
(3, 'PhilHealth', 150),
(4, 'Project Issues', 1500);

-- --------------------------------------------------------

--
-- Table structure for table `employees`
--

CREATE TABLE `employees` (
  `id` int(11) NOT NULL,
  `employee_id` varchar(15) NOT NULL,
  `firstname` varchar(50) NOT NULL,
  `lastname` varchar(50) NOT NULL,
  `address` text NOT NULL,
  `birthdate` date NOT NULL,
  `contact_info` varchar(100) NOT NULL,
  `gender` varchar(10) NOT NULL,
  `position_id` int(11) NOT NULL,
  `schedule_id` int(11) NOT NULL,
  `photo` varchar(200) NOT NULL,
  `created_on` date NOT NULL
) ENGINE=InnoDB DEFAULT CHARSET=latin1;

--
-- Dumping data for table `employees`
--

INSERT INTO `employees` (`id`, `employee_id`, `firstname`, `lastname`, `address`, `birthdate`, `contact_info`, `gender`, `position_id`, `schedule_id`, `photo`, `created_on`) VALUES
(1, 'ABC123456789', 'Christine', 'Smith', 'Brgy. Mambulac, Silay City', '2018-04-02', '09000035719', 'Female', 1, 2, 'desktop.jpg', '2018-04-28'),
(3, 'DYE473869250', 'Julyn', 'Divinagracia', 'E.B. Magalona', '1992-05-02', '09123456789', 'Female', 2, 2, '', '2018-04-30'),
(4, 'JIE625973480', 'Gemalyn', 'Cepe', 'Carmen, Bohol', '1995-10-02', '09468029840', 'Female', 2, 3, '', '2018-04-30'),
(5, 'TQO238109674', 'Bruno', 'Den', 'Test', '1995-08-23', '5454578965', 'Male', 1, 2, 'thanossmile.jpg', '2018-07-11'),
(6, 'EDQ203874591', 'Henry', 'Doe', 'New St. Esp', '1991-07-25', '9876543210', 'Male', 2, 4, 'male.png', '2018-07-11'),
(7, 'TWY781946302', 'Johnny', 'Jr', 'Esp', '1995-07-11', '8467067344', 'Male', 1, 2, 'profile.jpg', '2018-07-11'),
(8, 'GWZ071342865', 'Tonny', 'Jr', 'Esp 12 South Street', '1994-07-19', '9876543210', 'Male', 1, 2, 'profile.jpg', '2018-07-11'),
(9, 'HEL079321846', 'Jacob', 'Carter', 'St12 N1', '1995-07-18', '5454578965', 'Male', 1, 2, 'profile.jpg', '2018-07-11'),
(10, 'OCN273564901', 'Benjamin', 'Cohen', 'TEST', '1991-07-25', '78548852145', 'Male', 2, 3, 'profile.jpg', '2018-07-11'),
(11, 'PGX413705682', 'Ethan', 'Carson', 'DEMO', '1994-07-19', '8467067344', 'Male', 1, 2, 'profile.jpg', '2018-07-11'),
(12, 'YWX536478912', 'Daniel', 'Cooper', 'Test', '1995-07-11', '9876543210', 'Male', 2, 4, 'profile.jpg', '2018-07-11'),
(13, 'ALB590623481', 'Emma', 'Wallis', 'Test', '1994-07-19', '9632145655', 'Female', 1, 3, 'female4.jpg', '2018-07-11'),
(14, 'IOV153842976', 'Sophia', 'Maguire', 'Test', '1995-07-11', '5454578965', 'Female', 2, 2, 'profile.jpg', '2018-07-11'),
(15, 'CAB835624170', 'Mia', 'Hollister', 'Test', '1995-07-18', '9632145655', 'Female', 2, 3, 'profile.jpg', '2018-07-11'),
(16, 'MGZ312906745', 'Emily', 'JK', 'Test', '1996-07-24', '9876543210', 'Female', 2, 3, 'profile.jpg', '2018-07-11'),
(17, 'HSP067892134', 'Nakia', 'Grey', 'Test', '1995-10-24', '8467067344', 'Female', 1, 2, 'profile.jpg', '2018-07-11'),
(18, 'BVH081749563', 'Dave', 'Cruze', 'Demo', '1990-01-02', '5454578965', 'Male', 2, 2, 'profile.jpg', '2018-07-11'),
(19, 'ZTC714069832', 'Logan', 'Paul', 'Esp 16', '1994-12-30', '0202121255', 'Male', 1, 1, 'profile.jpg', '2018-07-11'),
(20, 'VFT157620348', 'Jack', 'Adler', 'Test', '1991-07-25', '6545698880', 'Male', 1, 4, 'profile.jpg', '2018-07-11'),
(21, 'XRF342608719', 'Mason', 'Beckett', 'Demo', '1996-07-24', '8467067344', 'Male', 2, 1, 'profile.jpg', '2018-07-11'),
(22, 'LVO541238690', 'Lucas', 'Cooper', 'Demo', '1995-07-18', '9632145655', 'Male', 2, 1, 'profile.jpg', '2018-07-11'),
(23, 'AEI036154829', 'Alex', 'Cohen', 'Demo', '1995-08-23', '9632145655', 'Male', 1, 2, 'profile.jpg', '2018-07-11');

-- --------------------------------------------------------

--
-- Table structure for table `log`
--

CREATE TABLE `log` (
  `id` int(11) NOT NULL,
  `username` varchar(40) CHARACTER SET utf8 NOT NULL,
  `password` varchar(40) CHARACTER SET utf8 NOT NULL
) ENGINE=InnoDB DEFAULT CHARSET=utf8mb4;

--
-- Dumping data for table `log`
--

INSERT INTO `log` (`id`, `username`, `password`) VALUES
(1, 'admin', 'admin');

-- --------------------------------------------------------

--
-- Table structure for table `login`
--

CREATE TABLE `login` (
  `id` int(11) NOT NULL,
  `username` varchar(40) NOT NULL,
  `password` varchar(40) NOT NULL
) ENGINE=InnoDB DEFAULT CHARSET=utf8mb4;

--
-- Dumping data for table `login`
--

INSERT INTO `login` (`id`, `username`, `password`) VALUES
(1, 'admin', 'admin'),
(2, 'ALi', '123123'),
(3, 'ruba', '123123');

-- --------------------------------------------------------

--
-- Table structure for table `new_login`
--

CREATE TABLE `new_login` (
  `password` varchar(40) CHARACTER SET utf8mb4 COLLATE utf8mb4_bin NOT NULL
) ENGINE=InnoDB DEFAULT CHARSET=utf8;

-- --------------------------------------------------------

--
-- Table structure for table `overtime`
--

CREATE TABLE `overtime` (
  `id` int(11) NOT NULL,
  `employee_id` varchar(15) NOT NULL,
  `hours` double NOT NULL,
  `rate` double NOT NULL,
  `date_overtime` date NOT NULL
) ENGINE=InnoDB DEFAULT CHARSET=latin1;

--
-- Dumping data for table `overtime`
--

INSERT INTO `overtime` (`id`, `employee_id`, `hours`, `rate`, `date_overtime`) VALUES
(4, '6', 240, 1500, '2031-11-08'),
(5, '4', 283.33333333333, 3600, '2018-06-05');

-- --------------------------------------------------------

--
-- Table structure for table `position`
--

CREATE TABLE `position` (
  `id` int(11) NOT NULL,
  `description` varchar(150) NOT NULL,
  `rate` double NOT NULL
) ENGINE=InnoDB DEFAULT CHARSET=latin1;

--
-- Dumping data for table `position`
--

INSERT INTO `position` (`id`, `description`, `rate`) VALUES
(1, 'Programmer', 100),
(2, 'Writer', 50),
(3, 'Marketing ', 35),
(4, 'Graphic Designer', 75);

-- --------------------------------------------------------

--
-- Table structure for table `schedules`
--

CREATE TABLE `schedules` (
  `id` int(11) NOT NULL,
  `time_in` time NOT NULL,
  `time_out` time NOT NULL
) ENGINE=InnoDB DEFAULT CHARSET=latin1;

--
-- Dumping data for table `schedules`
--

INSERT INTO `schedules` (`id`, `time_in`, `time_out`) VALUES
(1, '07:00:00', '16:00:00'),
(2, '08:00:00', '17:00:00'),
(3, '09:00:00', '18:00:00'),
(4, '10:00:00', '19:00:00');

--
-- Indexes for dumped tables
--

--
-- Indexes for table `addclaim`
--
ALTER TABLE `addclaim`
  ADD PRIMARY KEY (`id`);

--
-- Indexes for table `admin`
--
ALTER TABLE `admin`
  ADD PRIMARY KEY (`id`);

--
-- Indexes for table `attendance`
--
ALTER TABLE `attendance`
  ADD PRIMARY KEY (`id`);

--
-- Indexes for table `cashadvance`
--
ALTER TABLE `cashadvance`
  ADD PRIMARY KEY (`id`);

--
-- Indexes for table `claim`
--
ALTER TABLE `claim`
  ADD PRIMARY KEY (`id`);

--
-- Indexes for table `deductions`
--
ALTER TABLE `deductions`
  ADD PRIMARY KEY (`id`);

--
-- Indexes for table `employees`
--
ALTER TABLE `employees`
  ADD PRIMARY KEY (`id`);

--
-- Indexes for table `log`
--
ALTER TABLE `log`
  ADD PRIMARY KEY (`id`);

--
-- Indexes for table `login`
--
ALTER TABLE `login`
  ADD PRIMARY KEY (`id`);

--
-- Indexes for table `overtime`
--
ALTER TABLE `overtime`
  ADD PRIMARY KEY (`id`);

--
-- Indexes for table `position`
--
ALTER TABLE `position`
  ADD PRIMARY KEY (`id`);

--
-- Indexes for table `schedules`
--
ALTER TABLE `schedules`
  ADD PRIMARY KEY (`id`);

--
-- AUTO_INCREMENT for dumped tables
--

--
-- AUTO_INCREMENT for table `addclaim`
--
ALTER TABLE `addclaim`
  MODIFY `id` int(50) NOT NULL AUTO_INCREMENT, AUTO_INCREMENT=56;

--
-- AUTO_INCREMENT for table `admin`
--
ALTER TABLE `admin`
  MODIFY `id` int(11) NOT NULL AUTO_INCREMENT, AUTO_INCREMENT=2;

--
-- AUTO_INCREMENT for table `attendance`
--
ALTER TABLE `attendance`
  MODIFY `id` int(11) NOT NULL AUTO_INCREMENT, AUTO_INCREMENT=106;

--
-- AUTO_INCREMENT for table `cashadvance`
--
ALTER TABLE `cashadvance`
  MODIFY `id` int(11) NOT NULL AUTO_INCREMENT, AUTO_INCREMENT=5;

--
-- AUTO_INCREMENT for table `deductions`
--
ALTER TABLE `deductions`
  MODIFY `id` int(11) NOT NULL AUTO_INCREMENT, AUTO_INCREMENT=5;

--
-- AUTO_INCREMENT for table `employees`
--
ALTER TABLE `employees`
  MODIFY `id` int(11) NOT NULL AUTO_INCREMENT, AUTO_INCREMENT=24;

--
-- AUTO_INCREMENT for table `login`
--
ALTER TABLE `login`
  MODIFY `id` int(11) NOT NULL AUTO_INCREMENT, AUTO_INCREMENT=4;

--
-- AUTO_INCREMENT for table `overtime`
--
ALTER TABLE `overtime`
  MODIFY `id` int(11) NOT NULL AUTO_INCREMENT, AUTO_INCREMENT=6;

--
-- AUTO_INCREMENT for table `position`
--
ALTER TABLE `position`
  MODIFY `id` int(11) NOT NULL AUTO_INCREMENT, AUTO_INCREMENT=5;

--
-- AUTO_INCREMENT for table `schedules`
--
ALTER TABLE `schedules`
  MODIFY `id` int(11) NOT NULL AUTO_INCREMENT, AUTO_INCREMENT=5;
COMMIT;

/*!40101 SET CHARACTER_SET_CLIENT=@OLD_CHARACTER_SET_CLIENT */;
/*!40101 SET CHARACTER_SET_RESULTS=@OLD_CHARACTER_SET_RESULTS */;
/*!40101 SET COLLATION_CONNECTION=@OLD_COLLATION_CONNECTION */;
